Nomes,
Roberto Tavares Cerqueira,
Lúcio Macedo Magalhães,
Artur Furtado Rosário,
Erasmo Vale Belchior,
Tadeu Fontes Paim,
Arthur Nunes Delchiaro,
Gilson Marques Pinto,
Reginaldo Belluci Madruga,
Carlos Serrano Silveira,
Milton Gimenes Batista,
Gabriel Leitão Falcão,
Marcelo Cruz Justino,
Carlos Bosco Ferraz,
Kléber Rosa dos Reis,
Moacir Marques Correia,
Francisco Rocha Barroso,
Vitor Andrade Damasceno,
Conrado Yamada Pires,
Geraldo Melo Linhares,
Giovane Leal Ramos,
Adelaide Takeda Sá,
Teresa Fonseca Alencar,
Paola Meireles Canto,
Miriam Santos Furtado,
Márcia Ruiz Medina,
Daniela Pinto Lobo,
Ágata Andrade de Assis,
Marília Correia Pires,
Juliana Watanabe Gomes,
Janaína Pedroso Bernardes,
Eloísa Magalhães Lobo,
Rafaela Assunção Medeiras,
Daiana Saraiva Lacerda,
Gisele Couto Queiroz,
Caroline Pessoa Bernardes,
Jéssica Clemente Cabral,
Gislaine Paz Falcão,
Giovana Kanashiro Santana,
Leila Farias Corrêa,
Diana Padilha Paz,
